originalName,commonName
"",""
111th Congress,111th Congress
112th Congress,112th Congress
"bin Abd al-Aziz Al Saud, Abdullah",Abdullah bin Abd al-Aziz Al Saud
"Ereli, Adam",Adam Ereli
"Keith, Adam E",Adam Keith
"Szubin, Adam",Adam Szubin
AGNA USEMB Kabul Afghanistan,AGNA USEMB Kabul Afghanistan
AHLC Chair,AHLC Chair
"Davutoglu, Ahmet",Ahmet Davutoglu
"Zaidi, Akbar S.",Akbar Zaidi
alcb,alcb
ALDAC,ALDAC
Alec,Alec
alec.ross,Alec Ross
"Ross, Alec",Alec Ross
"Ross, Alec J",Alec Ross
rossaj@state.gov,Alec Ross
"S/SAIT: Ross, Alec",Alec Ross
"S/SAIT:Ross, Alec",Alec Ross
"Dupuy, Alex",Alex Dupuy
"Thier, Alex",Alex Thier
Lieutenant Colonel Alfredo Najera,Alfredo Najera
"Wells, Alice G",Alice Wells
WellsAG@state.gov,Alice Wells
"Ramsay, Alston",Alston Ramsay
AM,AM
AMEMB Port-au-Prince,AmEMB Port-au-Prince
American Beverage Association,American Beverage Association
Amnesty International,Amnesty International
"DOJ:Jeffress, Amy",Amy Jeffress
Andrea_J_Palm,Andrea Palm
Andrea.Palm,Andrea Palm
Andrea.Palm@hhs.gov,Andrea Palm
"Palm, Andrea",Andrea Palm
"Bernknopf, Andrew",Andrew Bernknopf
"Mayock, Andrew",Andrew Mayock
"Shapiro, Andrew J",Andrew Shapiro
shapiroa@state.gov,Andrew Shapiro
"Gurria, Angel",Angel Gurria
annmoleary,Ann O'Leary
"ECA: Stock, Ann",Ann Stock
"Stock, Ann",Ann Stock
StockJS@state.gov,Ann Stock
"Patterson, Anne W",Anne Patterson
pattersonaw@state.gov,Anne Patterson
"Wang, Anne",Anne Wang
Anne-Marie,Anne-Marie Slaughter
Anne-Marie Slaughter,Anne-Marie Slaughter
"S/P:Slaughter, Ann-Marie",Anne-Marie Slaughter
"S/P:Slaughter, Anne-Marie",Anne-Marie Slaughter
"Slaughter, A M",Anne-Marie Slaughter
"Slaughter, Ann-Marie",Anne-Marie Slaughter
"Slaughter, Anne- Marie",Anne-Marie Slaughter
"Slaughter, Anne-Marie",Anne-Marie Slaughter
SlaughterA@state.gov,Anne-Marie Slaughter
slaughtr,Anne-Marie Slaughter
"Lake, Anthony",Anthony Lake
Tony,Anthony Lake
AP,AP
"Cooks, Arazi L",Arazi Cooks
"Humphries, Arthur",Arthur Humphries
"Valenzuela, Arturo A",Arturo Valenzuela
"Valenzuela,Arturo A",Arturo Valenzuela
valenzuelaaa@state.gov,Arturo Valenzuela
"S/SRAP:Bommer, Ashley",Ashley Bommer
ASUNCION,ASUNCION
"Ki-moon, Ban",Ban Ki-moon
Secretary-General,Ban Ki-moon
Obama,Barack Obama
"Obama, Barack",Barack Obama
President,Barack Obama
President Obama,Barack Obama
BAM@Mikulski.senate.gov,Barbara Mikulski
"Mikulski, BAM",Barbara Mikulski
"Mikulski, BAM (Mikulski)",Barbara Mikulski
"Mikulski, Bam (Mitkulski)",Barbara Mikulski
"Mikulski, Bam Mikulski",Barbara Mikulski
"Mikulski,BAM (Mikulski)",Barbara Mikulski
"Crocker, Bathsheba N",Bathsheba Crocker
Netanyahu,Benjamin Netanyahu
"Netanyahu, Benjamin",Benjamin Netanyahu
"Bernadette, Meehan M",Bernadette Meehan
"Meehan, Bernadette M",Bernadette Meehan
MeehanB@state.gov,Bernadette Meehan
Besty.Ebeling@Illinois.gov,Betsy Ebeling
Betsy.Ebeling,Betsy Ebeling
Betsy.Ebeling@Illinois.gov,Betsy Ebeling
betsyebeling,Betsy Ebeling
betsyebeling1050,Betsy Ebeling
"Ebeling, Betsy",Betsy Ebeling
"Clinton, William J",Bill Clinton
Dad,Bill Clinton
"Lane, Bill",Bill Lane
bshillady,Bill Shillady
"Mohamed, Binyam",Binyam Mohamed
Biography,Biography
"Klehr, Bonnie",Bonnie Klehr
"Atwood, J Brian",Brian Atwood
brian,Brian Greenspun
"EUR/WE:Davis, Bridget",Bridget Davis
"Komorowski, Bronislaw",Bronislaw Komorowski
"Garber Neidich, Brooke",Brooke Garber Neidich
"Blair, Bruce",Bruce Blair
"Ramer, Bruce",Bruce Ramer
BStrider,Burns Strider
"Burns, Strider",Burns Strider
"Strider, Burns",Burns Strider
"McHone, C H",C H McHone
"Munter, Cameron P",Cameron Munter
Capricia Marshall,Capricia Marshall
capriciamarshall,Capricia Marshall
capriciamarshall@,Capricia Marshall
cmarshall,Capricia Marshall
"Marshall, Capricia",Capricia Marshall
"Marshall, Capricia P",Capricia Marshall
marshallcp@state.gov,Capricia Marshall
"Pascual, Carlos",Carlos Pascual
PascualC@state.gov,Carlos Pascual
"Reichel, Carlyn",Carlyn Reichel
"Adler, Caroline E",Caroline Adler
adlerce@state.gov,Caroline Adler
"Button, Case",Case Button
"Ashton, Catherine",Catherine Ashton
"Ashton, Catherine Margaret",Catherine Ashton
"Graham, Catherine T",Catherine Graham
"CDEA, Ambassador Wayne",CDEA; Ambassador Wayne
"Richards, Cecile",Cecile Richards
"EUR/RUS:Weson, Chad",Chad Weston
Chairman,Chairman
"NEA/PI/CE:Kiamie, Charles",Charles Kiamie
Chelsea,Chelsea Clinton
BLAIR CHERIE,Cherie Blair
"Blair, Cherie",Cherie Blair
cb,Cherie Blair
CHERIE BLAIR,Cherie Blair
cherieblair,Cherie Blair
Cheryl,Cheryl
"C:Mills, Cheryl",Cheryl Mills
Cheryl Mills,Cheryl Mills
"Cheryl Mills, COS",Cheryl Mills
Cheryl.mills,Cheryl Mills
cheryl.mills@,Cheryl Mills
cheryl.mills@state.gov,Cheryl Mills
"Mill, Cheryl",Cheryl Mills
millcd@state.gov,Cheryl Mills
"Mills, Cherlyl D",Cheryl Mills
"Mills, Chery D",Cheryl Mills
"Mills, Cheryl",Cheryl Mills
"Mills, Cheryl  D",Cheryl Mills
"MIlls, Cheryl D",Cheryl Mills
"Mills, Cheryl L",Cheryl Mills
"Mills, Cheyrl D",Cheryl Mills
"Mills,Cheryl D",Cheryl Mills
Mills. Cherl D,Cheryl Mills
Mills. Cheryl D,Cheryl Mills
MillsCD@state.gov,Cheryl Mills
millsch@state.gov,Cheryl Mills
MillsCS@state.gov,Cheryl Mills
cheryl.mills ;H,Cheryl Mills; Hillary Clinton
"Crocker, Chester A",Chester Crocker
Child Mind Institute,Child Mind Institute
"Jennings, Chris",Chris Jennings
"Agor, Christina J",Christina Agor
cfalvo@usaid.gov,Christine Falvo
"Falvo, Christine",Christine Falvo
"Butzgy, Christopher H",Christopher Butzgy
"Edwards, Christopher",Christopher Edwards
"EAP/J:Green, Christopher",Christopher Green
"Hill, Christopher R (Baghdad)",Christopher Hill
hillcr@state.gov,Christopher Hill
"Hickey, Cindy",Cindy Hickey
"Coleman, CLaire L",Claire Coleman
ColemanCL@state.gov,Claire Coleman
"Colman, Claire L",Claire Coleman
Colin Powell,Colin Powell
Congress,Congress
Council on Foreign Relations,Council on Foreign Relations
Counselor,Counselor
"Beale, Courtney A Karamer",Courtney Beale
"Beale, Courtney A Kramer",Courtney Beale
bealeca@state.gov,Courtney Beale
"Kelly, Craig A",Craig Kelly
CSIS,CSIS
Daily Sun,Daily Sun
"SSRAP:Feldman, Dan",Dan Feldman
schwerind@state.gov,Dan Schwerin
"Hyde, Dana",Dana Hyde
Daniel,Daniel
"Baer, Daniel",Daniel Baer
"Baer, Daniel B",Daniel Baer
"Baer, Daniel D",Daniel Baer
baer.daniel,Daniel Baer
daniel.baer,Daniel Baer
"Feldman, Daniel F",Daniel Feldman
FeldmanDF@state.gov,Daniel Feldman
"Fried, Daniel",Daniel Fried
friedd@state.gov,Daniel Fried
"Inonye, Daniel",Daniel Inonye
"Poneman, Daniel",Daniel Poneman
Ross Dennis B,Daniel Ross
"Schwerin, Daniel B",Daniel Schwerin
SchwerinDB@state.gov,Daniel Schwerin
"Shapiro, Daniel B",Daniel Shapiro
ShapiroDB@state.gov,Daniel Shapiro
"Smith, Daniel B",Daniel Smith
DanielJJ@state.gov,DanielJJ@state.gov
"Brian, Danielle",Danielle Brian
"Adams, David S",David Adams
AdamsDS@state.gov,David Adams
"Aguilar, David V",David Aguilar
"Aguilar, David V.",David Aguilar
Axelrod_D,David Axelrod
"Axelrod, David M",David Axelrod
"Barron, David",David Barron
"Brock, David",David Brock
David_Garten@lautenberg.senate.gov,David Garten
"Garten, David (Lautenberg)",David Garten
"Hale, David M",David Hale
HaleDM2@state.gov,David Hale
"INL:Johnson, David T",David Johnson
d.gunners2010,David Miliband
davidmilibandpersonal,David Miliband
Secretary of State for Foreign and Commonwealth Affairs,David Miliband
"Graze, Deborah E",Deborah Graze
"McDonough, Denis R",Denis McDonough
Dennis_B._Ross,Dennis Ross
Dross,Dennis Ross
"Ross, Dennis",Dennis Ross
"Ross, Dennis B",Dennis Ross
"Ross, Dennis B.",Dennis Ross
Department of State,Department of State
"Chollet, Derek H",Derek Chollet
cholletdh@state.gov,Derek Chollet
"Mitchell, Derek",Derek Mitchell
"Diane, Reynolds",Diane Reynolds
"Reynolds, Diane",Diane Reynolds
"Director of Communication, ISAF and USFOR-A","Director of Communication, ISAF and USFOR-A"
"EUR/RPM:Vovchuk, Dmitry",Dmitry Vovchuk
DOJ,DOJ
donald,Donald
"Band, Doug",Doug Band
dhattaway,Doug Hattaway
doug,Doug Hattaway
"Hattaway, Doug",Doug Hattaway
"Letter, Douglas",Douglas Letter
DSA,DSA
"Pelton, E",E. Pelton
"Shin, Ed",Ed Shin
"Dibble, Elizabeth L",Elizabeth Dibble
DibbleEL@state.gov,Elizabeth Dibble
"Politico - Drew, Elizabeth",Elizabeth Drew
Elle Magazine,Elle Magazine
"Tauscher, Ellen O",Ellen Tauscher
tauschereo@state.gov,Ellen Tauscher
Embassy of Argentine Republic,Embassy of the Argentine Republic
Embassy of the Argentine Republic,Embassy of the Argentine Republic
"Faleomavaega, Eni F",Eni Faleomavaega
"Goosby, Eric",Eric Goosby
"Schwartz, Eric P",Eric Schwartz
SchwartzEP@state.gov,Eric Schwartz
"Woodard, Eric W",Eric Woodard
WoodardEW@state.gov,Eric Woodard
woodardEW2@state.gov,Eric Woodard
"Brimmer, Esther D",Esther Brimmer
brimmere@state.gov,Esther Brimmer
EEAS,European External Action Service
"Kamali, Farideh",Farideh Kamali
"Levin, Fay Hartog",Fay Hartog Levin
FICC,FICC
FINCA International,FINCA International
Foreign Affairs Magazine,Foreign Affairs Magazine
"Ricciardone, Francis J",Francis Ricciardone
"CA/VO:Sheaffer, G",G Sheaffer
"PRM/MCE:Wills, G",G Wills
"Lou de Bac, G/TIP",G. Lou de Bac
"PRM/MCE:Wills,G",G. Wills
"Gensler, Gary",Gary Gensler
"Cretz, Gene A",Gene Cretz
gbsperling,Gene Sperling
Gene_b_sperling,Gene Sperling
Gentlemen,Gentlemen
"Keating, Geoffrey T",Geoffrey Keating
george,george
"Mitchell, George",George Mitchell
mitchellg@state.gov,George Mitchell
"Seib, Gerald F",Gerald Seib
"Rose, Gideon",Gideon Rose
"Glantz, Gina",Gina Glantz
glantz.,Gina Glantz
GOMX,GOMX
GOPK,GOPK
"Gray, Gordon",Gorden Gray
Govenman Etazini,Govenman Etazini
Graca Machel Trust,Graca Machel Trust
"Slayton, Gregory W",Gregory Slayton
Kussa,Haim Saban
Haiti,Haiti
Haiti DLC Distro,Haiti DLC Distro
"Duk-soo, Han",Han Duk-soo
haroldnaughton,Hank Naughton
"Koh, Harold Hongju",Harold Hongju Koh
KohHH@state.gov,Harold Hongju Koh
"Legal Adviser:Koh, Harold Hongju",Harold Hongju Koh
Harold.Koplewicz,Harold Koplewicz
Harry.B.Harris,Harry Harris
"Reid, Harry",Harry Reid
"Samuelson, Heather",Heather Samuelson
"Samuelson, Heather F",Heather Samuelson
Heintz,Heintz
"Kissinger, Henry",Henry Kissinger
"Kissinger, Henry A",Henry Kissinger
Hill,Hill
;H,Hillary Clinton
Clinton,Hillary Clinton
Clinton Hillary R,Hillary Clinton
"Clinton Rodham, Hillary",Hillary Clinton
"Clinton, Hillary",Hillary Clinton
"Clinton, Hillary R",Hillary Clinton
"Clinton, Hillary Rodham",Hillary Clinton
H,Hillary Clinton
H2,Hillary Clinton
Haillary,Hillary Clinton
Hillary,Hillary Clinton
Hillary Rodham Clinton,Hillary Clinton
hr15@mycingular.blackberry.net,Hillary Clinton
HRC,Hillary Clinton
hrod17@clintonemail.com,Hillary Clinton
Madam Secretary,Hillary Clinton
Secretary,Hillary Clinton
Secretary Clinton,Hillary Clinton
Secretary Hillary R Clinton,Hillary Clinton
Secretary of State,Hillary Clinton
"H; Mills, Cheryl D",Hillary Clinton; Cheryl Mills
H;preines,Hillary Clinton; Philippe Reines
preines; H,Hillary Clinton; Philippe Reines
"Gutman, Howard",Howard Gutman
"Stringer, Howard",Howard Stringer
"Abedin, Huma",Huma Abedin
"Abedin, Huma>",Huma Abedin
abedin@state.gov,Huma Abedin
abedinh@state;gov,Huma Abedin
AbedinH@state.gov,Huma Abedin
abedomj@state.gov,Huma Abedin
"Abein, Huma",Huma Abedin
"Abendin, Huma",Huma Abedin
abendinh@state.gov,Huma Abedin
"Adedin, Huma",Huma Abedin
adedinh@state.gov,Huma Abedin
HAbedin,Huma Abedin
Huma Abedin,Huma Abedin
"Huma, Abedin",Huma Abedin
Huma@clintonemail.com,Huma Abedin
Humamabedin,Huma Abedin
"Abedin, Huma; H",Huma Abedin; Hillary Clinton
"Kelly, Ian",Ian Kelly
Ros-Lehtinen,Ileana Ros-Lehtinen
International Criminal Court,International Criminal Court
IRS,IRS
"Cintron, Izumi O",Izumi Cintron
"DS/PA:Finkle, J",J. Finkle
"Stavridis, J",J. Stavridis
jkeane,Jack Keane
"Keane, Jack",Jack Keane
newmyer,Jackie Newmyer
"Newmyer, Jackie",Jackie Newmyer
Jacob_J_Lew,Jacob Lew
jacobjlew,Jacob Lew
Lew,Jacob Lew
"Lew, Jack",Jacob Lew
"Lew, Jacob",Jacob Lew
"Lew, Jacob J",Jacob Lew
LewJJ@state.gov,Jacob Lew
Jake,Jake
Jake Sullivan,Jake Sullivan
jake. sullivan,Jake Sullivan
Jake.Sullivan,Jake Sullivan
jake.sullivan@,Jake Sullivan
"S/P:Sullivan, Jake",Jake Sullivan
"Sulilvan, Jacob J",Jake Sullivan
sullilvanjj@state.gov,Jake Sullivan
Sullivan Jacob J,Jake Sullivan
Sullivan JJ@state.gov,Jake Sullivan
"Sullivan, Jacbo J",Jake Sullivan
"Sullivan, Jack",Jake Sullivan
"Sullivan, Jacob",Jake Sullivan
"Sullivan, Jacob H",Jake Sullivan
"Sullivan, Jacob J",Jake Sullivan
"Sullivan, Jacob  J",Jake Sullivan
"Sullivan, Jacob J <SullivanJJ@state.gov>",Jake Sullivan
"Sullivan, Jake",Jake Sullivan
"Sullivan, Jake J",Jake Sullivan
"Sullivan, Jake; H",Jake Sullivan
Sullivan. Jacob J,Jake Sullivan
sullivanjj,Jake Sullivan
SullivanJJ@state.gov,Jake Sullivan
sullivanjj@state/gov,Jake Sullivan
sulllivanjj@state.gov,Jake Sullivan
JAMA,JAMA
"Jeffrey, James F",James Jeffrey
"McGovern, James P",James McGovern
jamesprubin,James Rubin
jamierubin,James Rubin
"Rubin, James",James Rubin
"Rubin, James P",James Rubin
"Rubin, James P.",James Rubin
"Smith, James E",James Smith
"Steinberg, James",James Steinberg
"Steinberg, James B",James Steinberg
SteinbergJB@state.gov,James Steinberg
SteinbertJB@state.gov,James Steinberg
Jamie,Jamie
"Radice, Jamie",Jamie Radice
jpiercy,Jan Piercy
"Napolitano, Janet",Janet Napolitano
"Jacobs, Janice L",Janice Jacobs
"H/RGF:Epping, Jay",Jay Epping
"Borns, Jeff",Jeff Borns
"Farrow, Jeffrey",Jeffrey Farrow
"Farrow, Jeffrey F",Jeffrey Farrow
"Farrow, Jeffrey L",Jeffrey Farrow
jfarrow,Jeffrey Farrow
"Feltman, Jeffrey D",Jeffrey Feltman
FeltmanJD@state.gov,Jeffrey Feltman
"Davis, Jennifer L",Jennifer Davis
DavisJL4@state.gov,Jennifer Davis
"Golden, Jennifer R",Jennifer Golden
"Robinson, Jennifer",Jennifer Robinson
"Iscol, Jill",Jill Iscol
jilliscol,Jill Iscol
"Hoagland, Jim",Jim Hoagland
"Kennedy, Jim",Jim Kennedy
JLCOS,JLCOS
"Laszczych, Joanne",Joanne Laszczych
LaszczychJ@state.gov,Joanne Laszczych
jhuber2606,Joe Huber
joe,Joe Wilson
joseph.wilson,Joe Wilson
"Wilson, Joe",Joe Wilson
"Wilson, Joseph",Joe Wilson
"BASTIEN, JOELLE-ELIZABETH",Joelle-Elizabeth Bastien
John Kerry,John Kerry
"Kerry, John",John Kerry
kerryjf,John Kerry
senjohnkerry,John Kerry
"Martilla, John",John Martilla
"Olver, John",John Olver
jpodesta,John Podesta
"Podesta, John",John Podesta
"Pakistan Desk:Spykerman, John",John Spykerman
"Carson, Johnnie",Johnnie Carson
Carsonj@state.gov,Johnnie Carson
"Toribiong, Johnson",Johnson Toribiong
"Davidson, Jon",Jon Davidson
jonrdavidson,Jon Davidson
"Kyl, Jon",Jon Kyl
Jonathan Prince,Jonathan Prince
"Soros, Jonathan",Jonathan Soros
"EB:Fernandez, Jose W",Jose Fernandez
JVillarreal,Jose Villarreal
"Kruzich, Joseph",Joseph Kruzich
"Macmanus, Joseph E",Joseph Macmanus
MacmanusJE2@state.gov,Joseph Macmanus
"Sheeran, Josette",Josette Sheeran
"H:Blumenfeld, Josh",Josh Blumenfeld
"Daniel, Joshua J",Joshua Daniel
Judith,Judith
"Kieffer, Judith",Judith Kieffer
judithmchale,Judith McHale
mchaelja@state.gov,Judith McHale
"McHald, Judith A",Judith McHale
McHale Judith A,Judith McHale
"McHale, Judith",Judith McHale
"McHale, Judith  A",Judith McHale
"McHale, Judith A",Judith McHale
McHaleJA@state.gov,Judith McHale
"Lantz, Judson",Judson Lantz
jillichtman,Judy Lichtman
"Short, Julie A",Julie Short
"Cooper, Justin",Justin Cooper
"Sincavage, Justine",Justine Sincavage
Kabul LGF Request,Kabul LGF Request
"DRL:Stewart, Karen B",Karen Stewart
"Eikenberry, Karl W",Karl Eikenberry
kktowns,Kathleen Townsend
"Marton, Kati",Kati Marton
"Brownell, Kelly D",Kelly Brownell
KellyC@state.gov,KellyC@state.gov
"MacAskill, Kenny",Kenny MacAskill
"Conrad, Kent",Kent Conrad
kkazzarelli,Kim Azzarelli
klang,Kimberly Lang
"Lang, Kimberly C.",Kimberly Lang
KPK,KPK
BaldersonKM@state.gov,Kris Balderston
"Balderston, Kris M",Kris Balderston
"Balderstone, Kris M",Kris Balderston
balderstonkm@state.gov,Kris Balderston
"Campbell, Kurt M",Kurt Campbell
CampbellKM@state.gov,Kurt Campbell
"EAP:Campbell, Kurt M",Kurt Campbell
l,l
"EAP/K:Rosenberger, L",L. Rosenberger
"Davis, Lanny",Lanny Davis
"Davis, Lanny J",Lanny Davis
ldavis,Lanny Davis
latimes.com,latimes.com
"Pena, Laura",Laura Pena
penal@state.gov,Laura Pena
Tyson,Laura Tyson
"Tyson, Laura",Laura Tyson
"Jilloty, Lauren C",Lauren Jiloty
JillotyLC@state.gov,Lauren Jiloty
"Jiloty, Cheryl D",Lauren Jiloty
"Jiloty, Laruen C",Lauren Jiloty
"Jiloty, Lauren",Lauren Jiloty
"Jiloty, Lauren C",Lauren Jiloty
"Jiloty, Lauren CD",Lauren Jiloty
Jiloty. Lauren C,Lauren Jiloty
JilotyLC@state.con,Lauren Jiloty
JilotyLC@state.gov,Lauren Jiloty
"Jjiloty, Lauren C",Lauren Jiloty
JjilotyLC@state.gov,Lauren Jiloty
Lauren Jiloty,Lauren Jiloty
LaurenJiloty,Lauren Jiloty
"Rubiner, Laurie",Laurie Rubiner
"Brown, Lee R",Lee Brown
"Feinstein, Lee",Lee Feinstein
LGraham,LGraham
"Dewan, Linda L",Linda Dewan
captuol,Lisa Caputo
caputol,Lisa Caputo
Imuscatine,Lissa Muscatine
"Lissa, Muscatine",Lissa Muscatine
Lmuscatine,Lissa Muscatine
mucatinel@state.gov,Lissa Muscatine
"Muscantine, LIssa",Lissa Muscatine
muscantinel@state.gov,Lissa Muscatine
Muscatine Lissa,Lissa Muscatine
"Muscatine, Lisa",Lissa Muscatine
"Muscatine, Lissa",Lissa Muscatine
"Muscatine,Lissa",Lissa Muscatine
Muscatine. Lissa,Lissa Muscatine
MuscatineL@state.gov,Lissa Muscatine
List,List
esherwood-randall,Liz Sherwood-Randall
"Sherwood-Randall, Liz",Liz Sherwood-Randall
lois.quam,Lois Quam
loisquam,Lois Quam
"Quam, Lois",Lois Quam
"Quam, Lois E",Lois Quam
Ivalmoro,Lona Valmoro
Lona Valmoro,Lona Valmoro
Lvalmoro,Lona Valmoro
lvalmoro@state.gov,Lona Valmoro
ValmmoroLJ@state.gov,Lona Valmoro
ValmoeoLJ@state.gov,Lona Valmoro
"Valmoro, Lona",Lona Valmoro
"ValMoro, Lona J",Lona Valmoro
Valmoro. Lona J,Lona Valmoro
ValmoroLI@state.gov,Lona Valmoro
ValmoroLJ@state.gov,Lona Valmoro
"Walmoro, Lona J",Lona Valmoro
Long Term Strategy Group,Long Term Strategy Group
"Diamond, Louise",Louise Diamond
"Cue, Lourdes C",Lourdes Cue
lrobinson,lrobinson
"Jarvis, Lucy",Lucy Jarvis
"G/TIP:CdeBaca, Luis",Luis CdeBaca
Luzzatto,Luzzatto
lynn,Lynn Forester de Rothschild
"Hybels, Lynne",Lynne Hybels
"McLarty, Mack",Mack McLarty
"Albright, M K",Madeleine Albright
pathfinder,Madeleine Albright
"Albright, Madeleine",Madeleine Albright 
Williamsbarrett,Maggie Williams
"Mottaki, Manouchehr",Manouchehr Mottaki
ManTech,ManTech
grossmanMI@state.gov,Marc Grossman
"S/SRAP:Grossman, Marc",Marc Grossman
"Nathanson, Marc",Marc Nathanson
"Carpenter, Margaret",Margaret Carpenter
"Carpenter, Margaret V W",Margaret Carpenter
"Carpenter, Margaret V.W.",Margaret Carpenter
carpentermv@state.gov,Margaret Carpenter
"Calivis, Maria",Maria Calivis
"Otera, Maria",Maria Otero
"Otero, Maria",Maria Otero
oterom2@state.gov,Maria Otero
"Sand, Maria W",Maria Sand
SandMW@state.gov,Maria Sand
"AF/PDPA:Scott, Marianne",Marianne Scott
"Hyman, Mark",Mark Hyman
mark,Mark Hyman
markjpenn,Mark Penn
"Penn, Mark J",Mark Penn
"Pinsky, Mark",Mark Pinsky
"Indyk, Martin",Martin Indyk
"Edelman, Marty",Marty Edelman
mtorrey,Marty Torrey
"ECA:Pally, Maura",Maura Pally
"Pally, Maura M",Maura Pally
"Baucus, Max",Max Baucus
megrooney,Megan Rooney
"Rooney, Megan",Megan Rooney
pvereer,Melanne Verveer
PVerveer,Melanne Verveer
"Vereer, Melanne S",Melanne Verveer
verveems@state.gov,Melanne Verveer
"Verveer, Melanne",Melanne Verveer
"Verveer, Melanne E",Melanne Verveer
"Verveer, Melanne S",Melanne Verveer
VerveerMS@state.gov,Melanne Verveer
Member of Congress,Member of Congress
mh.interiors,mh.interiors
mhcaleja@state.gov,mhcaleja@state.gov
"Froman, Michael B",Michael Froman
"Froman, Michael B.",Michael Froman
Michael_B._Froman,Michael Froman
"Fuchs, Michael H",Michael Fuchs
"Fuchs, Mike",Michael Fuchs
FuchsMH@state.gov,Michael Fuchs
mfuchs.mike,Michael Fuchs
"Hammer, Michael A",Michael Hammer
"CA:Kirby, Michael D.",Michael Kirby
"McFaul, Michael A",Michael McFaul
MMonroe,Michael Monroe
"Posner, Michael H",Michael Posner
PosnerMH@state.gov,Michael Posner
"Bond, Michele T",Michele Bond
"Flournoy, Michele",Michele Flournoy
michele.flournoy,Michele Flournoy
Miguel,Miguel Rodriguez
"Rodriguez, Miguel",Miguel Rodriguez
"Rodriguez, Miguel E",Miguel Rodriguez
RodriguezME@state.gov,Miguel Rodriguez
Mike,Mike
"Lynch, Mike (Schumer)",Mike Lynch
"Mullen, M G",Mike Mullen
Ministry of Foreign Affairs Pakistan,Ministry of Foreign Affairs Pakistan
mmoore,Minyon Moore
Mission MX,Mission MX
Mission.IR,Mission of the Islamic Republic of Iran
MISSION PK,MISSION PK
"Hanley, Monica",Monica Hanley
"Hanley, Monica R",Monica Hanley
HanleyMR@state.gov,Monica Hanley
mon,Monica Hanley
Monica,Monica Hanley
monica.hanley,Monica Hanley
Monrovia,Monrovia
mspence,mspence
Professor Muhammad Yunus,Muhammad Yunus
Professor Muhammed Yunus,Muhammad Yunus
"Yunus, Muhammad",Muhammad Yunus
nancy,Nancy Parrish
"Pelosi, Nancy",Nancy Pelosi
"Powell, Nancy J",Nancy Powell
Powellnj@state.gov,Nancy Powell
Neera,Neera Tanden
Neera Tanden,Neera Tanden
"Neera, Tanden",Neera Tanden
Neera.Tanden,Neera Tanden
ntanden,Neera Tanden
"Tandem, Neera",Neera Tanden
"Tanden, Neera",Neera Tanden
"Peltz, Nelson",Nelson Peltz
automailer-093,New York State DMV
info 4,New York State DMV
info 5,New York State DMV
no-reply 7,New York State DMV
New York Times,New York Times
NHLA,NHLA
"Norman, Nicholas",Nicholas Norman
"Sarkozy, Nicolas",Nicolas Sarkozy
"Avant, Nicole A.",Nicole Avant
"Abbaszadeh, Nima",Nima Abbaszadeh
AbbaszadehN@state.gov,Nima Abbaszadeh
nora.toiv,Nora Toiv
"Toiv, Nora",Nora Toiv
"Toiv, Nora F",Nora Toiv
toivnf@state.gov,Nora Toiv
"Tov, Nora F",Nora Tov
NYU-Poly Community,NYU-Poly Community
Opinion Research,Opinion Research
"Sanchez, Oscar Arias",Oscar Arias Sanchez
"Flores, Oscar",Oscar Flores
"Lores, Oscar",Oscar Lores
"Nazary, Parnian",Parnian Nazary
"Kennedy, Patrick F",Patrick Kennedy
kennedypf@state.gov,Patrick Kennedy
"M:Kennedy, Patrick F",Patrick Kennedy
Paul,Paul
"Collier, Paul",Paul Collier
"Jones, Paul W",Paul Jones
"NEA/IPA:Knopf, Payton",Payton Knopf
pennrhodeen,Penn Rhodeen
"Robinson, Peter",Peter Robinson
"Crowley, Philip",Philip Crowley
"Crowley, Philip J",Philip Crowley
"Gordon, Philip H",Philip Gordon
Gordon. Philip H,Philip Gordon
GordonPH@state.gov,Philip Gordon
Philippe,Philippe Reines
PIR,Philippe Reines
preines,Philippe Reines
"Reines, Philipe I",Philippe Reines
"Reines, Philippe",Philippe Reines
"Reines, Philippe I",Philippe Reines
"Reines, Phillippe I",Philippe Reines
reines@state.gov,Philippe Reines
reinesp@state.gov,Philippe Reines
"Rines, Philippe I",Philippe Reines
PREINES;H,Philippe Reines; Hillary Clinton
"Crowley, Phillip J",Phillip Crowley
CrowleyPJ@state.gov,Phillip Crowley
"Campbell, Piper",Piper Campbell
postmaster@state.gov,postmaster@state.gov
Prime Minister,Prime Minister
PVervee,PVervee
"Brubaker, R.A.",R.A. Brubaker
"Kleinfeld, Rachel",Rachel Kleinfeld
"Emanuel, Rahm",Rahm Emanuel
mayor_re,Rahm Emanuel
rshah,Rajiv Shah
rshah@usaid.gov,Rajiv Shah
"Shah, Rajiv",Rajiv Shah
"Alexander, Ralph",Ralph Alexander
"Lopes da Silva, Ramiro",Ramiro Lopes da Silva
"Foroohar, Rana",Rana Foroohar
Record,Record
Recos,Recos
"Deanehan,  R",Regina Deanehan
"Deanehan, R",Regina Deanehan
"Philippe, Reines",Reines Philippe
Rendon Group,Rendon Group
"Gonzalez, Rene",Rene Gonzalez
"Preval, Rene",Rene Preval
Republican Members,Republican Members
"Lewis, Reta Jo",Reta Jo Lewis
"Fernandez, Richard R",Richard Fernandez
"Holbrooke, Richard",Richard Holbrooke
HolbrookeRC@state.gov,Richard Holbrooke
"Morningstar, Richard L",Richard Morningstar
rverma,Richard Verma
"Verma, Richard",Richard Verma
"Verma, Richard R",Richard Verma
VermaRR@state.gov,Richard Verma
rsloan,Rick Sloan
"H:Fallon, Rob",Rob Fallon
"Ballard, Robert",Robert Ballard
"Barnett, Robert B",Robert Barnett
"Blake, Robert O",Robert Blake
BlakeR2@State.gov,Robert Blake
"Danford, Robert A",Robert Danford
EinhornRJ@state.gov,Robert Einhorn
"Gates, Robert M",Robert Gates
r_m_gates,Robert Gates
"E:Hormats, Bob",Robert Hormats
"Hormats, Bob",Robert Hormats
"Hormats, Robert D",Robert Hormats
hormatsrd@state.gov,Robert Hormats
"Hunter, Robert",Robert Hunter
"Kagan, Robert",Robert Kagan
robert.kagan,Robert Kagan
"Mueller, Rober S","Robert Mueller, III"
"Russo, Robert",Robert Russo
"Russo, Robert  V",Robert Russo
"Russo, Robert V",Robert Russo
RussoRV@state.gov,Robert Russo
"Jacobson, Roberta S",Roberta Jacobson
JacobsonRS@state.gov,Roberta Jacobson
"Klain, Ron",Ron Klain
RooneyM@state.gov,rooneym@state.gov
"Howe, Rosemarie",Rosemarie Howe
rosemarie.howe ;H,Rosemarie Howe ;Hillary Clinton
Roy.Spence,Roy Spence
"Spence, Roy",Roy Spence
rrh.interiors,rrh.interiors
rrussony,rrussony
"Crocker, Ryan C",Ryan Crocker
S,S
"Zaidi, S Akbar",S. Akbar Zaidi
S/CIEA:Pascual and S/EEE Morningstar,S/CIEA:Pascual; S/EEE Morningstar
"Jalili, Saeed",Saeed Jalili
"Berger, Samuel","Samuel (""Sandy"") Berger"
"Berger, Samuel R","Samuel (""Sandy"") Berger"
Sandy,"Samuel (""Sandy"") Berger"
SBerger,"Samuel (""Sandy"") Berger"
shb55,"Samuel (""Sandy"") Berger"
"IO/UNP:Debbink, Sarah",Sarah Debbink
"Teich, Sarah F",Sarah Teich
"Chambliss, Saxby",Saxby Chambliss
"Gration, Scott",Scott Gration
sgration,Scott Gration
"Carroll, Sean",Sean Carroll
See Distribution,See Distribution
Sheldon_Whitehouse2@Whitehouse.senate.gov,Sheldon Whitehouse
"Whitehouse, Sheldon",Sheldon Whitehouse
"Pesaru, Shilpa",Shilpa Pesaru
Shongole37,Shongole37; Hillary Clinton
"Blumenthal, Sidney",Sidney Blumenthal
Sbwhoeop,Sidney Blumenthal
sbwhoeop@,Sidney Blumenthal
sbwhoep,Sidney Blumenthal
sbwhoop,Sidney Blumenthal
SID,Sidney Blumenthal
"Hecker, Sig",Sig Hecker
"Feridun, Sinirlioglu",Sinirlioglu Feridun
Sir,Sir
S/SRGIA,SRGIA
STATE,STATE
"Heintz, Stephen B",Stephen Heintz
Stephen.Roach,Stephen Roach
"Bondy, Steve",Steve Bondy
"Bosworth, Steve",Steve Bosworth
"NES/ELA:Conlon, Steve",Steve Conlon
SCHU,Steven Chu
"Schneebaum, Steven M.",Steven Schneebaum
STALBOTT,Strobe Talbott
stallbott,Strobe Talbott
"Strobe, Talbott",Strobe Talbott
"Talbott, Strobe",Strobe Talbott
"Kim, Sung Y",Sung Kim
"IO:Edmonson, Susan",Susan Edmonson
"Rice, Susan E",Susan Rice
"Rice, Susan E.",Susan Rice
RiceSE@state.gov,Susan Rice
"Grantham, Suzanne L",Suzanne Grantham
Sylan Support Group,Syrian Support Group
Syrian Support Group,Syrian Support Group
"SRAP/P:Lenderking, T",T Lenderking
"Cownie, T.M. Franklin",T.M. Franklin Cownie
Iuzzatto,Tamera Luzzatto
Terry.Duffy,Terry Duffy
"Murphy, Terry B.",Terry Murphy
"USUN/HC:Buda, Thomas",Thomas Buda
"Countryman, Thomas",Thomas Countryman
Donilon,Thomas Donilon
"Donilon, Thomas E",Thomas Donilon
"Donilon, Thomas E.",Thomas Donilon
"Donilon, Thomas I",Thomas Donilon
"Donilon, Tom",Thomas Donilon
Thomas_E._Donilon,Thomas Donilon
Thomas_E._Donilon;H,Thomas Donilon; Hillary Clinton
"Nides, Thomas",Thomas Nides
"Nides, Thomas R",Thomas Nides
NidesTR@state.gov,Thomas Nides
tom.nides,Thomas Nides
thomas.r.pickering,Thomas Pickering
"Shannon, Thomas A",Thomas Shannon
shannonta@state.gov,Thomas Shannon
"WHA: Shannon, Thomas A",Thomas Shannon
Tina.BrownNY,Tina Brown
"Flournoy, Tina",Tina Flournoy
TFlourno,Tina Flournoy
"Stern, Todd",Todd Stern
"Stern, Todd D",Todd Stern
"Stern, Todd D (S/SECC)",Todd Stern
sterntd@state.gov,Todd Stern
"Harkin, Tom",Tom Harkin
"Tillemann, Tomicah",Tomicah Tillemann
"Tillemann, Tomicah S",Tomicah Tillemann
TillemannTS@state.gov,Tomicah Tillemann
aclb,Tony Blair
"Elbegdori, Tsakina",Tsakina Elbegdori
USDHS,U.S. Department of Homeland Security
U.S. Dept of State Protocol,U.S. Dept of State Protocol
U.S. Global Leadership Coalition,U.S. Global Leadership Coalition
UN General Assembly,UN General Assembly
United States Mission to the United Nations,United States Mission to the United Nations
Estados Unidos Da America,United States of America
Estados Unidos De NorteAmerica,United States of America
Etat-Unis D'Amerique,United States of America
Etats-Unis D'Amerique,United States of America
United States of America,United States of America
USA,USA
USAID,USAID
USCIS,USCIS
USUN,USUN
valerie,Valerie Wilson
"Wilson, Valerie",Valerie Wilson
"Nuland, Victoria J",Victoria Nuland
"Varma, Vivek",Vivek Varma
"Ebeling, Voda",Voda Ebeling
"Ebelling, Voda",Voda Ebeling
Wall Street Journal,Wall Street Journal
"Isaacson, Walter",Walter Isaacson
"NEA:Parrs, Walter",Walter Parrs
Washington Post,Washington Post
Wen Jiabao,Wen Jiabao
"Sherman, Wendy",Wendy Sherman
"Sherman, Wendy R",Wendy Sherman
ShermanWR@state.gov,Wendy Sherman
wsherman,Wendy Sherman
"Ilic, Werner X",Werner Ilic
WHADP,WHADP
White House,White House
Whom It May Concern,Whom It May Concern
"Burns, William J",William Burns
Burnswj@state.gov,William Burns
wburns,William Burns
wburns66,William Burns
wburns66@,William Burns
"Hubbard, William",William Hubbard
World Bank,World Bank
www.oecd.org,www.oecd.org
"Yakis, Yasar",Yasar Yakis
"Gilani, Yousaf Raza",Yousaf Gilani
PM Gilani,Yousaf Gilani
Museveni,Yoweri Museveni
"Iscol, Zachary",Zachary Iscol
